bins,mean_pred,mean_act
1,0,0.25486725663716814
2,0.18199655282988617,0.1694915254237288
3,0.25387610954325446,0.24019607843137256
4,0.34825200534759354,0.36576576576576575
5,0.49816569889658346,0.4888888888888889
6,0.5947089947089946,0.6318407960199005
7,0.6645558145558146,0.6487695749440716
8,0.7567974423237581,0.7476851851851852
9,0.853030303030303,0.88671875
10,1,0.783748361730013
